comment_score,Positive,Negative
-91,0.23076923076923078,0.9230769230769231
26,0.25585319552836955,0.8993883147015398
29,0.24555774925962487,0.9007897334649556
474,0.4,0.9333333333333333
964,0.0,0.75
1677,0.0,1.0
1806,0.0,1.0
1950,0.0,0.5
2040,0.0,1.0
2453,0.0,1.0
2509,0.0,1.0
65,0.26666666666666666,0.891156462585034
191,0.27,0.94
418,0.2916666666666667,1.0
541,0.2222222222222222,1.0
558,0.21428571428571427,0.8571428571428571
1010,0.16666666666666666,1.0
1224,0.6666666666666666,0.6666666666666666
1258,0.0,1.0
1277,0.5,1.0
1360,0.0,1.0
3061,0.0,1.0
3391,1.0,1.0
5241,0.0,1.0
-109,0.4444444444444444,0.6666666666666666
-58,0.19718309859154928,0.8450704225352113
222,0.3055555555555556,0.875
270,0.32653061224489793,0.8979591836734694
293,0.14285714285714285,0.9387755102040817
730,0.125,1.0
938,0.0,1.0
1127,0.0,1.0
1145,0.0,1.0
1371,0.5,1.0
1409,0.5,1.0
1551,0.5,1.0
2184,0.0,1.0
2570,0.0,1.0
243,0.23076923076923078,0.9692307692307692
278,0.38461538461538464,0.9423076923076923
367,0.3333333333333333,0.9393939393939394
442,0.3333333333333333,1.0
705,0.25,1.0
720,0.36363636363636365,1.0
1175,0.3333333333333333,1.0
1202,0.0,1.0
1532,0.5,1.0
1690,0.0,1.0
1919,1.0,1.0
1936,1.0,1.0
2371,0.0,1.0
2598,0.0,1.0
2944,0.0,1.0
3452,0.0,1.0
4072,0.0,1.0
-159,0.3333333333333333,1.0
19,0.2553565156304882,0.8990750497599813
54,0.24845814977973568,0.9048458149779736
296,0.3333333333333333,0.8888888888888888
926,0.0,0.5
965,0.0,0.8571428571428571
1280,0.0,1.0
1447,0.0,1.0
1537,0.0,1.0
1782,0.0,0.0
2857,0.5,1.0
7233,1.0,0.0
-193,0.0,1.0
0,0.27080459270685103,0.8477172248232112
277,0.25,0.9615384615384616
287,0.23076923076923078,0.8974358974358975
348,0.3055555555555556,0.8888888888888888
415,0.21428571428571427,0.9285714285714286
847,0.3333333333333333,1.0
1077,0.25,1.0
1336,0.0,1.0
1594,1.0,1.0
2157,0.0,1.0
2940,0.0,1.0
6361,0.0,1.0
502,0.14285714285714285,0.9285714285714286
656,0.42857142857142855,1.0
1055,0.0,1.0
1480,0.0,1.0
1921,0.5,1.0
2881,0.5,1.0
2900,0.0,1.0
3296,1.0,0.0
6322,1.0,1.0
-135,1.0,1.0
-118,0.5,0.6666666666666666
-30,0.31896551724137934,0.7959770114942529
-3,0.2907838983050847,0.8280367231638418
112,0.2185430463576159,0.9172185430463576
113,0.22957198443579765,0.9299610894941635
155,0.22627737226277372,0.9343065693430657
167,0.23448275862068965,0.9379310344827586
299,0.32,0.9
385,0.23809523809523808,0.9523809523809523
736,0.3333333333333333,1.0
831,0.5,1.0
1042,0.0,1.0
1599,0.0,1.0
1738,0.0,1.0
2175,0.0,1.0
2878,0.0,1.0
6605,0.0,1.0
-35,0.35802469135802467,0.7983539094650206
237,0.27631578947368424,0.9210526315789473
241,0.18421052631578946,0.8947368421052632
347,0.16666666666666666,0.9
564,0.0,0.875
588,0.13333333333333333,0.9333333333333333
602,0.25,0.875
857,0.3333333333333333,1.0
1497,0.0,0.0
1547,0.0,1.0
1636,0.3333333333333333,0.6666666666666666
1983,0.0,1.0
-141,0.5,0.5
22,0.2515859507968436,0.8958687915828563
198,0.2857142857142857,0.9081632653061225
330,0.3793103448275862,0.9310344827586207
414,0.16666666666666666,0.8333333333333334
530,0.125,0.875
724,0.14285714285714285,0.7142857142857143
1211,0.0,0.6666666666666666
1241,0.0,1.0
1338,0.0,1.0
1526,0.0,1.0
1640,1.0,1.0
1711,0.0,1.0
2355,0.0,1.0
2378,0.0,1.0
-60,0.38461538461538464,0.7384615384615385
130,0.2923728813559322,0.9067796610169492
196,0.2826086956521739,0.9347826086956522
427,0.18181818181818182,0.9090909090909091
486,0.058823529411764705,0.9411764705882353
487,0.09090909090909091,0.9090909090909091
823,1.0,1.0
932,0.5,1.0
1050,0.3333333333333333,1.0
1059,0.5,1.0
1152,0.6666666666666666,1.0
1157,0.0,1.0
1374,0.0,1.0
1403,0.5,1.0
1428,0.0,1.0
1972,0.0,1.0
2282,0.0,1.0
7226,0.0,1.0
-25,0.31684981684981683,0.8406593406593407
7,0.25321423461357645,0.8952639862641294
77,0.25259515570934254,0.9083044982698962
677,0.42857142857142855,1.0
1353,0.0,1.0
1760,0.0,0.5
1873,0.0,0.5
1979,0.0,1.0
2007,0.0,1.0
2720,0.0,1.0
2983,0.0,1.0
-257,1.0,1.0
34,0.24864864864864866,0.9054054054054054
184,0.23214285714285715,0.9196428571428571
532,0.3333333333333333,0.8888888888888888
635,0.23076923076923078,0.9230769230769231
858,0.5,0.75
1041,0.0,1.0
1427,0.0,1.0
1529,0.5,1.0
2158,0.0,1.0
3269,0.0,1.0
4179,0.0,1.0
8595,0.0,1.0
12236,0.0,1.0
-190,0.0,0.5
-49,0.32608695652173914,0.75
463,0.36363636363636365,0.8181818181818182
551,0.2,0.8666666666666667
830,0.3333333333333333,1.0
853,0.2857142857142857,1.0
939,0.0,1.0
1200,0.6666666666666666,1.0
1319,0.0,1.0
1329,0.0,1.0
1471,0.0,1.0
2309,0.0,1.0
3031,0.0,1.0
4370,0.0,1.0
5913,0.0,1.0
7036,1.0,1.0
7566,0.0,0.0
-427,0.0,0.0
-65,0.3793103448275862,0.7758620689655172
188,0.2647058823529412,0.9117647058823529
399,0.27586206896551724,0.9655172413793104
693,0.2222222222222222,0.8888888888888888
1052,0.0,1.0
1199,0.0,1.0
1445,0.0,1.0
1458,0.0,1.0
1483,1.0,1.0
2069,0.0,1.0
2116,0.0,1.0
2684,0.0,1.0
2807,0.0,1.0
3092,0.0,1.0
3696,0.0,1.0
5142,1.0,1.0
7350,0.0,1.0
126,0.28695652173913044,0.8869565217391304
202,0.14666666666666667,0.9333333333333333
228,0.21739130434782608,0.8695652173913043
274,0.2037037037037037,0.8888888888888888
529,0.3157894736842105,0.7368421052631579
844,0.3333333333333333,1.0
889,0.0,1.0
1591,0.0,0.0
1730,0.0,1.0
2014,1.0,1.0
2204,1.0,1.0
2370,0.0,1.0
2717,0.0,1.0
-185,1.0,1.0
-7,0.3058262079936369,0.8250149135016902
262,0.25925925925925924,0.9259259259259259
325,0.21875,0.9375
406,0.29411764705882354,0.8235294117647058
624,0.14285714285714285,0.8571428571428571
998,0.0,0.8333333333333334
1567,0.0,1.0
1694,0.0,1.0
1899,0.0,1.0
3689,0.0,1.0
6728,0.0,0.0
-95,0.5555555555555556,0.6666666666666666
-90,0.48,0.8
570,0.18181818181818182,0.8181818181818182
691,0.3333333333333333,0.8888888888888888
734,0.14285714285714285,0.8571428571428571
1415,0.3333333333333333,1.0
1508,0.0,1.0
1908,0.0,1.0
1986,0.0,1.0
2568,0.0,1.0
-107,0.5833333333333334,0.5833333333333334
-79,0.38235294117647056,0.8529411764705882
50,0.25134926754047804,0.9028527370855821
94,0.23333333333333334,0.9256410256410257
149,0.1895424836601307,0.9084967320261438
421,0.375,0.9166666666666666
1038,0.0,1.0
1174,0.3333333333333333,1.0
1895,0.0,1.0
2477,0.0,1.0
2710,0.0,1.0
3660,0.0,0.0
-13,0.3000545553737043,0.8314238952536824
264,0.2903225806451613,0.9193548387096774
600,0.2,1.0
638,0.3333333333333333,1.0
876,0.3333333333333333,1.0
961,0.5,1.0
1064,0.0,1.0
1110,0.3333333333333333,0.6666666666666666
1210,1.0,1.0
1302,0.0,1.0
1756,0.0,1.0
2149,0.0,1.0
3468,0.0,1.0
3849,0.0,1.0
16737,0.0,1.0
-116,0.14285714285714285,0.5714285714285714
229,0.19117647058823528,0.8823529411764706
650,0.2,1.0
1119,0.0,1.0
1185,0.0,1.0
1212,0.0,1.0
1343,0.0,1.0
1376,1.0,1.0
1485,0.5,1.0
1559,0.0,0.0
1846,1.0,1.0
1930,0.0,1.0
2153,0.0,1.0
3403,0.0,1.0
3687,0.0,1.0
3737,0.0,1.0
5794,0.0,1.0
6452,0.0,1.0
8792,0.0,1.0
110,0.31636363636363635,0.8945454545454545
190,0.26,0.92
275,0.42,0.96
343,0.15789473684210525,0.9210526315789473
439,0.2916666666666667,0.9583333333333334
629,0.25,0.75
706,0.42857142857142855,1.0
737,0.2857142857142857,1.0
902,0.5,1.0
1598,0.0,1.0
1967,0.0,1.0
2182,0.0,1.0
2215,1.0,1.0
2530,0.0,1.0
3796,1.0,1.0
4006,0.0,1.0
4210,0.0,1.0
-26,0.3340471092077088,0.8137044967880086
57,0.2519305019305019,0.9102316602316602
136,0.23383084577114427,0.9253731343283582
513,0.15,0.9
828,0.0,1.0
936,0.3333333333333333,0.6666666666666666
1213,0.0,1.0
1407,0.0,1.0
1607,0.0,1.0
1728,0.0,1.0
2377,0.0,1.0
2982,0.5,1.0
3539,0.0,1.0
4084,0.0,1.0
-172,0.5,1.0
-61,0.375,0.78125
144,0.21176470588235294,0.9352941176470588
388,0.25,0.9375
412,0.3333333333333333,0.9166666666666666
417,0.15,0.95
963,0.0,0.6666666666666666
1710,0.0,1.0
1956,0.0,1.0
2021,0.0,1.0
2526,0.0,1.0
14019,0.0,1.0
909,0.0,1.0
1025,0.3333333333333333,1.0
1240,0.0,0.6666666666666666
1256,0.3333333333333333,1.0
1283,0.5,1.0
1549,0.0,1.0
2212,0.0,1.0
2470,1.0,1.0
2615,0.0,1.0
3617,0.0,1.0
-41,0.3546511627906977,0.8255813953488372
32,0.2633802816901408,0.9049295774647887
43,0.2711571675302245,0.8940702360391479
420,0.28,0.92
555,0.2857142857142857,0.8571428571428571
696,0.3,1.0
752,0.09090909090909091,0.8181818181818182
1051,0.0,1.0
1073,0.6,0.4
1089,0.0,1.0
1108,0.0,1.0
1128,0.0,1.0
1134,0.0,1.0
1550,0.0,1.0
2077,0.0,0.0
2112,0.0,1.0
2667,0.0,1.0
4095,0.0,1.0
84,0.2524271844660194,0.9067961165048544
378,0.23333333333333334,0.9333333333333333
1233,0.0,1.0
2012,0.0,1.0
2821,0.0,1.0
5891,0.0,1.0
-154,0.0,0.6666666666666666
212,0.2261904761904762,0.8928571428571429
766,0.25,1.0
779,0.0,1.0
970,0.0,1.0
1362,0.3333333333333333,1.0
2276,0.0,1.0
3067,0.0,1.0
3828,0.0,1.0
5138,0.0,1.0
-108,0.2857142857142857,1.0
31,0.259103219981944,0.898284682515799
376,0.17857142857142858,0.8214285714285714
516,0.2857142857142857,1.0
662,0.0,0.8888888888888888
1361,0.0,1.0
1722,1.0,1.0
1991,0.0,1.0
2414,0.0,1.0
-111,0.3333333333333333,0.6
119,0.29918032786885246,0.9016393442622951
395,0.2857142857142857,0.9047619047619048
768,0.5,1.0
974,0.0,1.0
1420,0.5,1.0
2130,0.0,1.0
3099,0.0,1.0
4831,0.0,0.0
5505,0.0,1.0
-145,0.2857142857142857,0.42857142857142855
326,0.25925925925925924,0.8888888888888888
386,0.28125,0.96875
450,0.2916666666666667,0.9583333333333334
595,0.2222222222222222,1.0
596,0.07692307692307693,1.0
894,0.0,1.0
1069,0.2,0.8
1444,0.5,1.0
1513,0.0,1.0
2113,0.5,1.0
2923,0.0,1.0
4306,1.0,0.0
5154,0.0,1.0
-50,0.29,0.83
39,0.23809523809523808,0.9146628948609147
98,0.2621951219512195,0.899390243902439
187,0.24761904761904763,0.9238095238095239
496,0.09090909090909091,0.8181818181818182
561,0.18181818181818182,0.9090909090909091
845,0.3333333333333333,1.0
1297,0.0,1.0
2451,0.0,1.0
2745,0.0,0.0
4188,1.0,1.0
4296,0.0,1.0
4961,0.0,1.0
8205,1.0,1.0
-168,0.0,0.0
201,0.1717171717171717,0.9595959595959596
232,0.21311475409836064,0.8360655737704918
402,0.21739130434782608,0.9130434782608695
990,0.3333333333333333,1.0
1141,0.0,1.0
1252,0.25,1.0
1405,0.3333333333333333,1.0
1548,0.0,1.0
1650,0.0,1.0
1975,0.0,0.0
2022,0.0,1.0
2606,0.0,1.0
2835,1.0,1.0
773,0.2727272727272727,0.9090909090909091
962,0.25,1.0
966,0.16666666666666666,1.0
1269,0.0,1.0
1282,0.0,1.0
1612,0.0,1.0
1624,0.0,1.0
1945,1.0,1.0
2397,0.0,1.0
2862,0.0,1.0
5244,0.0,1.0
5405,0.0,1.0
6332,0.0,1.0
203,0.21839080459770116,0.9310344827586207
700,0.3333333333333333,1.0
1482,0.0,1.0
1850,0.0,1.0
2527,0.0,1.0
2839,0.5,1.0
5614,0.0,1.0
6455,0.0,1.0
11223,1.0,1.0
-158,0.3333333333333333,1.0
116,0.20647773279352227,0.9109311740890689
145,0.26666666666666666,0.9
488,0.0,0.9230769230769231
1602,1.0,1.0
1942,1.0,1.0
4208,0.0,1.0
5684,0.0,1.0
6349,0.0,1.0
-295,0.0,0.0
-246,1.0,0.0
-98,0.45454545454545453,0.9090909090909091
25,0.2552894211576846,0.9005988023952096
814,0.3333333333333333,0.8333333333333334
880,0.375,0.875
1099,0.5,1.0
1312,0.0,1.0
1757,1.0,1.0
1778,1.0,1.0
1826,0.0,1.0
1893,0.0,1.0
2016,1.0,0.0
2110,0.0,1.0
2787,1.0,1.0
4538,1.0,1.0
8906,0.0,1.0
948,0.0,1.0
1021,0.0,0.75
1452,0.0,1.0
1731,0.0,1.0
1805,0.5,1.0
2026,0.0,0.6666666666666666
8550,1.0,1.0
157,0.20261437908496732,0.934640522875817
1048,0.5,1.0
1330,0.0,0.6666666666666666
1347,0.5,1.0
2059,0.0,1.0
2261,0.0,1.0
3432,0.0,1.0
3474,0.5,0.0
3781,0.0,1.0
5940,0.0,1.0
6925,0.0,1.0
-101,0.3076923076923077,0.6923076923076923
-15,0.32863187588152326,0.81311706629055
124,0.2807017543859649,0.8991228070175439
181,0.2571428571428571,0.8285714285714286
363,0.2,1.0
586,0.2,0.8
843,0.25,1.0
1135,0.4,0.8
1149,0.0,1.0
1323,0.0,0.8
1368,1.0,1.0
1441,0.3333333333333333,1.0
1535,0.0,1.0
1712,0.0,1.0
1858,0.0,1.0
2097,0.0,1.0
3464,0.0,1.0
3481,0.0,1.0
5706,0.0,0.0
-112,0.07692307692307693,0.6153846153846154
-88,0.25,0.8333333333333334
686,0.16666666666666666,0.8333333333333334
852,0.6666666666666666,1.0
1016,0.5,1.0
1238,0.0,1.0
1777,0.0,1.0
1795,0.0,1.0
1810,0.0,1.0
2373,0.0,1.0
3605,0.0,1.0
3846,0.5,1.0
4494,0.0,1.0
-149,0.3333333333333333,1.0
-71,0.2647058823529412,0.8235294117647058
95,0.2572944297082228,0.9230769230769231
227,0.21875,0.875
268,0.3617021276595745,0.9361702127659575
562,0.35714285714285715,0.9285714285714286
589,0.15384615384615385,1.0
699,0.2222222222222222,1.0
925,0.6666666666666666,1.0
1246,0.0,1.0
1833,1.0,1.0
3098,0.0,1.0
3574,1.0,1.0
-202,1.0,1.0
-194,0.0,1.0
369,0.15151515151515152,0.9696969696969697
413,0.2857142857142857,0.8571428571428571
455,0.21052631578947367,0.9473684210526315
760,0.375,0.75
820,0.4,1.0
912,0.0,1.0
915,0.0,1.0
1395,0.0,0.5
1721,1.0,1.0
3569,1.0,1.0
71,0.24486571879936808,0.8830963665086888
143,0.2625,0.875
370,0.20689655172413793,0.8620689655172413
621,0.5714285714285714,0.8571428571428571
642,0.25,0.875
703,0.3333333333333333,1.0
704,0.1,1.0
790,0.25,1.0
1274,0.0,1.0
1902,1.0,1.0
1960,0.0,1.0
2346,0.0,1.0
2555,0.0,1.0
2903,1.0,0.0
3914,0.0,1.0
6501,0.0,1.0
-45,0.30158730158730157,0.7698412698412699
161,0.24285714285714285,0.9071428571428571
193,0.25925925925925924,0.9012345679012346
365,0.34615384615384615,0.9230769230769231
443,0.2608695652173913,0.8695652173913043
1191,0.0,1.0
1429,0.0,1.0
1669,1.0,0.5
2101,0.0,1.0
3232,0.0,1.0
3534,0.0,0.0
3942,0.0,1.0
-197,0.0,1.0
6,0.2523442921932246,0.8933165480398328
68,0.24649859943977592,0.9033613445378151
342,0.13333333333333333,0.9333333333333333
466,0.2857142857142857,0.7142857142857143
713,0.09090909090909091,1.0
1012,0.6666666666666666,0.6666666666666666
1242,0.0,0.5
1520,0.2,1.0
2186,0.0,1.0
2394,0.0,1.0
2498,0.0,1.0
4456,0.0,0.0
72,0.2453125,0.8828125
87,0.26548672566371684,0.9314159292035398
215,0.18309859154929578,0.9577464788732394
756,0.0,0.8
1608,0.0,1.0
2027,1.0,1.0
-181,0.3333333333333333,0.3333333333333333
-133,0.0,0.6666666666666666
-119,0.6,0.8
58,0.25411522633744854,0.8991769547325102
255,0.26153846153846155,0.9076923076923077
258,0.22807017543859648,0.8947368421052632
320,0.21212121212121213,0.8484848484848485
665,0.36363636363636365,0.9090909090909091
854,0.2,1.0
883,0.25,1.0
1098,0.0,1.0
1773,0.0,1.0
2207,0.0,1.0
4632,0.0,1.0
-104,0.29411764705882354,0.7647058823529411
107,0.2391304347826087,0.9254658385093167
221,0.27631578947368424,0.9342105263157895
266,0.16326530612244897,0.9183673469387755
271,0.18867924528301888,0.9056603773584906
424,0.25,0.8
882,0.0,1.0
997,0.0,1.0
1124,0.25,1.0
1150,0.0,1.0
1817,0.5,0.5
1862,0.0,1.0
1898,0.0,1.0
2164,0.0,1.0
3779,0.0,1.0
5737,0.0,1.0
6216,1.0,1.0
6611,0.0,1.0
-96,0.3,0.6
9,0.24944492413963243,0.8950598248427285
316,0.17647058823529413,1.0
407,0.16666666666666666,0.9583333333333334
554,0.3333333333333333,0.9166666666666666
744,0.2,1.0
789,0.2222222222222222,1.0
897,0.0,1.0
920,0.0,1.0
968,0.2,1.0
1476,1.0,0.5
1675,0.0,1.0
2076,0.0,1.0
2365,0.0,1.0
2418,0.0,1.0
3174,0.0,1.0
4442,0.0,1.0
5403,0.0,1.0
-24,0.3373493975903614,0.8364888123924269
27,0.24538080216313654,0.9001802613789995
63,0.2599502487562189,0.9216417910447762
158,0.2446043165467626,0.8992805755395683
389,0.09090909090909091,0.9545454545454546
397,0.25,0.9375
447,0.18181818181818182,0.9545454545454546
754,0.25,1.0
796,0.2,1.0
856,0.0,0.6666666666666666
933,0.3333333333333333,1.0
959,0.0,0.5
1516,1.0,1.0
1531,0.8,0.8
1570,0.0,1.0
1693,0.0,1.0
2255,0.0,1.0
2281,0.5,0.5
2760,0.0,1.0
-169,0.0,0.5
51,0.25917252146760345,0.912568306010929
56,0.25475285171102663,0.9077946768060836
1267,0.0,1.0
2553,0.0,1.0
2743,0.0,1.0
2864,0.0,1.0
3093,1.0,1.0
3261,0.0,1.0
3836,0.0,1.0
5186,0.0,1.0
8825,0.0,1.0
9392,0.0,1.0
178,0.25203252032520324,0.9512195121951219
353,0.15789473684210525,0.8947368421052632
702,0.375,0.875
1164,0.5,1.0
1739,0.0,0.5
3042,0.5,1.0
-136,0.0,0.0
234,0.2602739726027397,0.9315068493150684
239,0.2833333333333333,0.9333333333333333
341,0.2692307692307692,0.9615384615384616
610,0.14285714285714285,1.0
891,0.2,0.8
1437,1.0,0.0
1923,0.0,0.5
3905,1.0,1.0
150,0.2658959537572254,0.9421965317919075
279,0.23404255319148937,0.8936170212765957
574,0.3333333333333333,1.0
1514,0.0,1.0
1800,0.5,0.5
1955,0.0,1.0
2037,0.0,1.0
2985,0.0,1.0
3318,0.0,1.0
3758,0.0,1.0
7074,0.0,1.0
52,0.2354368932038835,0.901294498381877
146,0.2127659574468085,0.8652482269503546
346,0.25,0.90625
546,0.2,0.9333333333333333
608,0.3,1.0
694,0.14285714285714285,1.0
1263,0.0,1.0
1307,0.0,1.0
1328,1.0,1.0
1762,1.0,1.0
1987,0.0,1.0
2219,0.0,1.0
2415,0.0,1.0
16520,1.0,0.0
-77,0.2571428571428571,0.8
-47,0.3865546218487395,0.7815126050420168
446,0.3157894736842105,0.9473684210526315
459,0.11764705882352941,0.9411764705882353
577,0.5,1.0
585,0.36363636363636365,0.7272727272727273
861,0.14285714285714285,1.0
1046,0.5,1.0
1103,0.0,1.0
1253,0.5,1.0
2114,0.0,0.0
2140,0.0,1.0
2567,0.0,1.0
3029,0.0,1.0
3809,0.0,1.0
4301,0.0,1.0
5281,0.0,1.0
6099,0.0,1.0
-245,1.0,1.0
174,0.23728813559322035,0.9067796610169492
712,0.3333333333333333,0.8888888888888888
825,1.0,1.0
946,0.3333333333333333,1.0
2018,0.0,1.0
2412,0.0,1.0
2579,0.0,1.0
-121,0.25,0.75
-86,0.34782608695652173,0.9565217391304348
-82,0.3103448275862069,0.8275862068965517
17,0.253473206691239,0.8961345808524714
79,0.22867513611615245,0.9056261343012704
170,0.3055555555555556,0.9259259259259259
209,0.2222222222222222,0.9012345679012346
661,0.6,0.8
1060,1.0,1.0
1342,0.5,1.0
1346,1.0,1.0
1453,0.0,1.0
2107,0.0,1.0
2786,0.0,1.0
-36,0.3160377358490566,0.8066037735849056
103,0.264,0.9146666666666666
236,0.25,0.875
253,0.2982456140350877,0.9473684210526315
675,0.42857142857142855,0.8571428571428571
738,0.0,1.0
989,0.0,1.0
1116,0.5,1.0
1484,0.0,1.0
1629,0.0,1.0
1896,0.0,1.0
2338,0.0,1.0
9679,0.0,1.0
-16,0.2997694081475788,0.8216756341275941
276,0.24489795918367346,0.9387755102040817
509,0.5555555555555556,1.0
592,0.2222222222222222,1.0
1250,0.0,0.75
1287,1.0,0.0
1334,1.0,1.0
2755,0.0,1.0
-178,0.5,0.75
-170,1.0,1.0
-55,0.36363636363636365,0.7922077922077922
139,0.2857142857142857,0.8857142857142857
246,0.30434782608695654,0.9347826086956522
1190,0.3333333333333333,0.6666666666666666
1196,1.0,0.5
1999,0.0,1.0
2165,0.0,1.0
3427,0.0,1.0
6732,1.0,0.0
-256,0.0,0.0
226,0.3442622950819672,0.9180327868852459
242,0.2127659574468085,0.9787234042553191
430,0.07407407407407407,1.0
453,0.0625,1.0
726,0.23076923076923078,0.8461538461538461
817,0.25,1.0
977,0.0,1.0
1009,0.0,1.0
1121,0.0,1.0
1230,0.0,1.0
1997,0.5,1.0
2438,0.0,1.0
3485,0.0,1.0
3868,1.0,1.0
-162,0.0,0.0
41,0.2531779661016949,0.8877118644067796
499,0.3,0.9
907,0.0,1.0
1085,0.3333333333333333,1.0
1114,0.5,1.0
1273,0.3333333333333333,1.0
1473,0.0,1.0
1574,1.0,1.0
1689,0.5,1.0
1695,0.5,1.0
2556,0.0,1.0
3108,0.0,1.0
5834,0.0,1.0
-183,0.5,0.5
-164,0.0,1.0
28,0.2544135429262394,0.8989117291414752
33,0.23316062176165803,0.9137675795706883
88,0.2553191489361702,0.9054373522458629
208,0.23595505617977527,0.8764044943820225
248,0.25,0.9166666666666666
257,0.19642857142857142,0.9642857142857143
384,0.15,0.95
405,0.1111111111111111,1.0
519,0.5,0.8
1807,0.0,1.0
3163,0.5,1.0
4005,0.0,1.0
14312,0.0,1.0
138,0.2545454545454545,0.8606060606060606
207,0.273972602739726,0.9178082191780822
498,0.38461538461538464,1.0
511,0.2,0.9333333333333333
637,0.125,0.875
671,0.14285714285714285,0.8571428571428571
866,0.3333333333333333,1.0
1321,0.0,1.0
1576,0.5,1.0
1683,0.0,1.0
3032,0.0,1.0
11256,1.0,1.0
-115,0.125,1.0
235,0.2,0.8909090909090909
304,0.28888888888888886,0.8444444444444444
307,0.12121212121212122,0.9090909090909091
462,0.3076923076923077,0.9230769230769231
649,0.5,0.75
769,0.2,1.0
813,0.0,1.0
833,0.4,1.0
865,0.25,0.5
1100,0.0,1.0
1206,0.3333333333333333,1.0
2884,0.0,1.0
3446,0.0,1.0
-123,0.4,0.6
-18,0.3131115459882583,0.812133072407045
114,0.2793522267206478,0.8744939271255061
434,0.06666666666666667,0.8666666666666667
599,0.5555555555555556,0.7777777777777778
646,0.36363636363636365,0.9090909090909091
678,0.16666666666666666,0.8333333333333334
714,0.0,1.0
742,0.2,0.8
1425,0.5,0.5
1474,1.0,1.0
3445,0.0,0.0
3811,0.0,1.0
9459,0.0,1.0
5,0.2526236209172102,0.89385066823849
794,0.5,0.8333333333333334
900,0.4,0.8
1083,0.0,1.0
1331,0.0,1.0
1363,0.3333333333333333,0.6666666666666666
1597,0.0,1.0
2383,0.0,1.0
3329,0.0,1.0
3331,0.5,1.0
3498,0.0,1.0
4573,0.0,1.0
5265,0.0,1.0
6347,0.0,1.0
-110,0.38461538461538464,0.6153846153846154
1,0.33271250636474514,0.8565822037496595
319,0.1388888888888889,0.9444444444444444
404,0.2631578947368421,0.8947368421052632
539,0.25,0.875
896,0.0,1.0
901,0.5,1.0
1040,0.0,1.0
1071,0.16666666666666666,1.0
1118,0.0,1.0
1583,0.0,1.0
1875,0.0,1.0
1909,0.0,1.0
2691,0.0,1.0
3542,0.0,1.0
5962,0.0,1.0
11284,0.0,1.0
-309,0.0,1.0
-296,0.0,1.0
-19,0.3033126293995859,0.8209109730848861
115,0.2594142259414226,0.9246861924686193
153,0.29012345679012347,0.9197530864197531
718,0.14285714285714285,0.8571428571428571
1074,1.0,1.0
1953,0.0,1.0
2619,0.0,1.0
2925,1.0,1.0
3361,0.5,1.0
-147,0.0,0.5
-27,0.33260393873085337,0.8161925601750547
96,0.25552825552825553,0.9090909090909091
250,0.2923076923076923,0.9538461538461539
377,0.16666666666666666,0.9333333333333333
743,0.3333333333333333,1.0
859,0.0,1.0
929,0.125,1.0
1132,0.0,0.5
1136,0.5,0.5
1163,0.5,1.0
1218,0.0,1.0
1609,1.0,1.0
1685,0.0,1.0
1787,1.0,1.0
2086,0.5,1.0
2413,1.0,1.0
2492,0.0,1.0
2637,0.0,1.0
3197,0.0,1.0
3314,0.0,1.0
6475,0.0,1.0
10968,0.0,1.0
-2,0.2887464179901889,0.8359318082471222
328,0.2571428571428571,0.9142857142857143
849,0.0,0.8
890,0.5,1.0
1115,0.0,1.0
1126,0.0,1.0
1130,0.25,1.0
1279,0.0,1.0
1446,0.0,1.0
1534,1.0,1.0
1560,0.0,1.0
1726,1.0,1.0
2050,0.0,1.0
2396,0.0,1.0
2610,0.0,1.0
2747,0.0,1.0
3103,0.0,1.0
11109,1.0,1.0
-146,0.75,0.25
185,0.25217391304347825,0.8869565217391304
349,0.34615384615384615,0.9615384615384616
375,0.3076923076923077,1.0
632,0.5,1.0
1054,0.25,0.75
1582,0.0,1.0
1774,0.0,1.0
2228,0.0,1.0
10231,0.0,1.0
104,0.24561403508771928,0.8771929824561403
219,0.3333333333333333,0.9206349206349206
368,0.18518518518518517,0.9259259259259259
515,0.07692307692307693,0.8461538461538461
623,0.2857142857142857,1.0
834,0.5,1.0
944,0.25,1.0
978,0.3333333333333333,0.6666666666666666
1075,0.0,1.0
1151,0.0,1.0
1232,0.0,1.0
1388,0.0,1.0
1436,0.5,1.0
2296,0.0,1.0
3234,0.0,1.0
3935,0.0,1.0
9544,0.0,1.0
-182,0.0,1.0
-151,0.0,0.5
214,0.27835051546391754,0.9278350515463918
449,0.2727272727272727,0.9545454545454546
461,0.2222222222222222,1.0
538,0.38461538461538464,1.0
719,0.0,1.0
1024,0.25,1.0
1284,0.0,1.0
1478,0.0,1.0
2231,0.0,1.0
2855,0.5,1.0
2921,0.0,1.0
3769,0.0,1.0
4135,0.0,1.0
5472,0.0,0.0
-163,0.5,0.5
252,0.2413793103448276,0.9310344827586207
419,0.32142857142857145,0.8928571428571429
556,0.35294117647058826,0.9411764705882353
593,0.15384615384615385,1.0
816,0.16666666666666666,1.0
818,0.25,1.0
874,0.16666666666666666,1.0
1266,0.0,1.0
1373,0.0,0.0
1475,0.0,1.0
1647,0.0,1.0
1696,0.0,1.0
3449,0.0,1.0
3456,0.0,1.0
9009,0.0,1.0
-97,0.3125,0.75
10,0.2548376272323925,0.8946720853062898
120,0.23829787234042554,0.8808510638297873
423,0.1875,0.9375
485,0.25,0.75
500,0.16666666666666666,0.8888888888888888
748,0.0,1.0
806,0.25,1.0
836,0.3,1.0
945,0.0,1.0
1037,0.3333333333333333,1.0
1087,0.0,1.0
1433,0.0,1.0
3095,0.0,1.0
-131,0.42857142857142855,0.8571428571428571
89,0.27400468384074944,0.8946135831381733
521,0.23076923076923078,0.7692307692307693
550,0.16666666666666666,1.0
2830,0.5,0.5
3349,0.0,1.0
361,0.28125,0.96875
644,0.0,1.0
1045,0.5,1.0
1498,0.0,1.0
2147,0.0,1.0
364,0.2222222222222222,0.9444444444444444
452,0.3333333333333333,0.9047619047619048
501,0.3333333333333333,1.0
537,0.16666666666666666,0.9444444444444444
870,0.6666666666666666,1.0
1487,0.6666666666666666,0.6666666666666666
1566,1.0,1.0
1588,1.0,1.0
1779,0.0,1.0
2305,1.0,1.0
11724,0.0,1.0
-140,0.5,0.5
356,0.25,0.7916666666666666
403,0.14814814814814814,1.0
490,0.1,1.0
741,0.0,0.6666666666666666
784,0.0,0.6666666666666666
871,0.3333333333333333,1.0
923,0.5,1.0
975,0.0,1.0
1066,0.4,0.8
1381,0.3333333333333333,1.0
1449,0.0,1.0
1517,1.0,1.0
1543,0.5,0.5
1822,0.25,1.0
1864,0.0,1.0
1928,0.0,1.0
1944,0.0,1.0
2010,0.0,1.0
3567,0.0,1.0
3784,0.0,1.0
4085,0.0,1.0
-287,0.0,1.0
-218,0.5,1.0
-177,0.3333333333333333,1.0
128,0.18269230769230768,0.9278846153846154
197,0.25842696629213485,0.9325842696629213
464,0.3333333333333333,1.0
497,0.1111111111111111,0.8888888888888888
697,0.25,1.0
838,0.16666666666666666,0.8333333333333334
911,0.3333333333333333,1.0
1112,0.5,1.0
1322,0.0,1.0
1512,0.3333333333333333,1.0
1744,1.0,1.0
1926,1.0,1.0
2064,0.0,1.0
2670,0.5,0.5
4029,1.0,1.0
6053,0.0,1.0
6747,0.0,1.0
7974,0.0,1.0
85,0.23684210526315788,0.9122807017543859
106,0.2689655172413793,0.9172413793103448
111,0.26618705035971224,0.9244604316546763
332,0.2222222222222222,0.8148148148148148
575,0.25,1.0
735,0.2,1.0
815,0.2857142857142857,1.0
867,0.6,1.0
1228,0.0,1.0
1310,0.4,1.0
1404,0.0,1.0
1456,0.5,1.0
1556,0.0,1.0
1947,0.5,0.5
2367,0.0,1.0
2722,1.0,1.0
3283,0.0,0.0
7498,0.0,1.0
-124,0.0,1.0
-84,0.28,0.76
-28,0.34413965087281795,0.7980049875311721
301,0.23076923076923078,1.0
411,0.1875,1.0
548,0.375,1.0
903,0.6,1.0
1804,0.5,1.0
3233,0.0,0.0
4390,1.0,1.0
177,0.330188679245283,0.9056603773584906
1231,0.0,1.0
1435,0.0,1.0
1643,0.0,1.0
1734,0.0,1.0
2484,0.0,1.0
4873,0.0,1.0
5966,0.0,0.0
-294,0.0,1.0
-81,0.34782608695652173,0.782608695652174
-17,0.3233018056749785,0.826311263972485
460,0.3684210526315789,1.0
797,0.16666666666666666,1.0
950,0.0,1.0
1558,0.3333333333333333,1.0
1764,0.0,1.0
1832,0.0,1.0
1876,0.0,1.0
2006,0.0,1.0
2298,0.0,1.0
3208,0.0,1.0
-160,1.0,1.0
-46,0.3769230769230769,0.8153846153846154
179,0.3515625,0.890625
306,0.23076923076923078,0.9743589743589743
441,0.26666666666666666,1.0
448,0.17647058823529413,1.0
557,0.38461538461538464,0.9230769230769231
563,0.3333333333333333,0.9166666666666666
659,0.14285714285714285,1.0
1023,0.5,1.0
1222,0.3333333333333333,1.0
1237,0.0,1.0
1424,0.0,1.0
1651,0.0,1.0
2017,0.0,1.0
48,0.24395448079658605,0.9160739687055477
67,0.2583668005354752,0.9223560910307899
224,0.21951219512195122,0.9146341463414634
517,0.3333333333333333,1.0
673,0.25,1.0
755,0.0,1.0
953,0.3333333333333333,1.0
1920,0.0,1.0
2085,0.0,0.0
2256,0.0,1.0
2353,0.0,1.0
2919,0.0,1.0
142,0.24858757062146894,0.903954802259887
168,0.17829457364341086,0.875968992248062
254,0.27692307692307694,0.9692307692307692
324,0.20588235294117646,0.8823529411764706
481,0.11764705882352941,0.8823529411764706
749,0.125,1.0
761,0.4,1.0
927,0.5,0.75
1187,0.0,1.0
1295,1.0,0.0
1314,0.5,1.0
1400,0.0,1.0
2205,0.0,1.0
2405,0.5,1.0
2559,1.0,1.0
4385,0.0,1.0
4752,0.0,1.0
5679,0.0,1.0
100,0.2485207100591716,0.9230769230769231
247,0.28378378378378377,0.972972972972973
467,0.26666666666666666,1.0
528,0.375,0.875
992,0.0,1.0
1617,0.0,1.0
-180,0.5,0.5
105,0.23825503355704697,0.912751677852349
131,0.2268041237113402,0.9123711340206185
318,0.4642857142857143,0.8571428571428571
581,0.45454545454545453,0.8181818181818182
850,0.0,1.0
1013,0.5,1.0
1172,0.75,1.0
1412,0.0,1.0
2347,0.0,1.0
3717,0.0,1.0
4531,0.0,1.0
5286,0.0,1.0
294,0.2,0.9428571428571428
451,0.05,0.85
654,0.5,1.0
800,0.16666666666666666,0.8333333333333334
993,0.0,1.0
1406,0.5,0.75
1765,0.0,1.0
2115,0.0,1.0
2410,0.0,0.0
3135,0.0,1.0
7479,0.0,1.0
108,0.27756653992395436,0.9049429657794676
218,0.2608695652173913,0.8695652173913043
333,0.3125,0.90625
339,0.06896551724137931,0.9310344827586207
934,0.2857142857142857,1.0
1047,0.3333333333333333,1.0
1079,0.3333333333333333,1.0
1137,0.3333333333333333,0.6666666666666666
2624,0.0,1.0
3537,0.0,1.0
3891,0.0,1.0
4228,0.0,1.0
-176,0.0,1.0
44,0.2544589774078478,0.9102259215219977
132,0.24056603773584906,0.8726415094339622
309,0.2702702702702703,0.918918918918919
392,0.25925925925925924,0.8518518518518519
471,0.17647058823529413,0.9411764705882353
540,0.14285714285714285,0.8571428571428571
611,0.25,1.0
804,0.0,1.0
947,0.0,1.0
1068,0.0,1.0
1332,0.0,1.0
1793,0.0,1.0
2443,0.0,0.0
3006,0.0,1.0
3701,0.0,1.0
8138,0.0,1.0
-103,0.5,0.6666666666666666
123,0.28879310344827586,0.8922413793103449
127,0.28054298642533937,0.9095022624434389
345,0.25,0.9090909090909091
552,0.14285714285714285,1.0
641,0.3,1.0
683,0.16666666666666666,1.0
746,0.125,0.875
951,0.5,1.0
1007,0.5,1.0
1011,0.3333333333333333,1.0
1357,0.0,1.0
1410,0.0,1.0
1561,0.5,1.0
1657,0.0,1.0
2629,1.0,1.0
210,0.25316455696202533,0.9113924050632911
590,0.2857142857142857,1.0
1117,0.0,0.5
1255,0.6,1.0
1555,0.0,1.0
2674,0.5,1.0
5621,0.0,1.0
-38,0.3386243386243386,0.873015873015873
205,0.375,0.9
731,0.0,1.0
994,0.0,0.6
1569,0.0,1.0
1998,0.0,1.0
2265,1.0,1.0
2778,0.0,1.0
3669,0.0,1.0
6011,0.0,1.0
6195,1.0,1.0
225,0.2571428571428571,0.9285714285714286
323,0.15555555555555556,0.9111111111111111
352,0.24242424242424243,0.8181818181818182
559,0.2,0.9333333333333333
682,0.4,1.0
981,1.0,1.0
1244,0.0,1.0
1577,0.0,1.0
1688,0.5,1.0
1857,1.0,1.0
1885,0.0,1.0
2013,0.5,1.0
2052,0.0,1.0
2199,0.3333333333333333,1.0
4393,0.0,1.0
5267,0.0,1.0
6472,0.0,1.0
7299,1.0,1.0
10024,0.0,1.0
-122,0.4,0.6
-6,0.29838197969543145,0.8278870558375635
220,0.3023255813953488,0.8837209302325582
249,0.2786885245901639,0.9344262295081968
381,0.25,0.9
383,0.23076923076923078,0.9615384615384616
688,0.2857142857142857,1.0
762,0.4,1.0
795,0.25,1.0
819,0.2,1.0
822,0.0,0.6666666666666666
1084,0.3333333333333333,1.0
1155,0.3333333333333333,1.0
1354,0.5,1.0
1856,0.0,1.0
1959,0.0,1.0
2899,1.0,1.0
3119,0.0,1.0
5560,0.0,0.0
-411,0.0,1.0
61,0.23751387347391786,0.9078801331853497
303,0.34285714285714286,1.0
1309,1.0,1.0
1812,0.0,1.0
1813,0.0,1.0
1968,0.0,1.0
2312,0.0,1.0
5596,1.0,1.0
-114,0.4444444444444444,0.6666666666666666
-57,0.3088235294117647,0.7941176470588235
-48,0.2966101694915254,0.847457627118644
379,0.20689655172413793,0.9310344827586207
777,0.14285714285714285,1.0
940,0.42857142857142855,1.0
988,0.0,1.0
995,0.16666666666666666,0.8333333333333334
1005,0.5,1.0
1207,0.5,1.0
1348,0.0,1.0
2056,1.0,1.0
2190,0.0,1.0
3357,0.0,1.0
3726,0.0,1.0
5301,1.0,1.0
535,0.09090909090909091,0.9090909090909091
567,0.2727272727272727,1.0
580,0.3333333333333333,1.0
1432,0.0,0.5
1745,0.0,1.0
1925,0.5,1.0
2877,0.0,1.0
3590,0.0,1.0
4727,0.0,1.0
-39,0.3333333333333333,0.7692307692307693
192,0.2268041237113402,0.8969072164948454
213,0.2222222222222222,0.8472222222222222
337,0.1875,0.90625
440,0.2,1.0
454,0.13333333333333333,1.0
473,0.4,0.9
573,0.23076923076923078,0.9230769230769231
653,0.3333333333333333,0.6666666666666666
921,0.25,0.5
1976,0.0,1.0
5611,0.0,1.0
156,0.208,0.864
841,0.16666666666666666,1.0
1107,0.3333333333333333,1.0
1153,0.5,1.0
1271,0.0,1.0
1524,1.0,1.0
3041,0.0,1.0
3488,0.0,1.0
6257,1.0,1.0
8753,1.0,1.0
-68,0.42424242424242425,0.7575757575757576
429,0.2727272727272727,0.8181818181818182
587,0.3333333333333333,0.8333333333333334
628,0.2,0.8
636,0.16666666666666666,1.0
846,0.0,1.0
1340,0.0,1.0
1544,0.0,1.0
2406,0.0,1.0
160,0.29411764705882354,0.9150326797385621
283,0.21951219512195122,0.9512195121951219
715,0.2,1.0
941,0.0,0.6666666666666666
957,0.2857142857142857,1.0
1254,1.0,1.0
1572,0.6666666666666666,0.6666666666666666
1977,1.0,1.0
2580,0.0,1.0
3112,1.0,1.0
3332,0.0,1.0
5740,1.0,0.0
11822,0.0,1.0
3,0.25496,0.8959657142857143
435,0.21428571428571427,0.8571428571428571
576,0.2,1.0
863,0.3333333333333333,1.0
979,0.0,0.8
982,0.0,1.0
1227,1.0,1.0
1451,1.0,1.0
1662,0.5,1.0
2047,0.0,1.0
2100,0.5,0.5
206,0.2,0.9571428571428572
382,0.19230769230769232,0.9230769230769231
478,0.35294117647058826,0.8235294117647058
482,0.3125,0.875
618,0.16666666666666666,1.0
2666,0.0,1.0
4695,1.0,0.0
-426,0.0,1.0
37,0.24158757549611734,0.9012079378774805
101,0.2225705329153605,0.9028213166144201
292,0.12195121951219512,0.9512195121951219
431,0.20833333333333334,0.9583333333333334
776,0.4,0.8
1090,1.0,1.0
1372,0.0,1.0
1931,0.0,1.0
2004,0.0,1.0
2359,0.5,1.0
2436,0.0,1.0
3010,1.0,1.0
3544,1.0,1.0
4578,0.0,1.0
-106,0.25,0.75
-14,0.3155963302752294,0.8262996941896025
-8,0.3091639111950874,0.8242796410014172
83,0.20881226053639848,0.9042145593869731
362,0.17391304347826086,0.9565217391304348
1430,0.0,1.0
1580,0.0,1.0
3835,0.0,1.0
3855,0.0,0.0
4550,0.0,1.0
8191,0.0,1.0
-73,0.2413793103448276,0.7586206896551724
-63,0.3793103448275862,0.7931034482758621
-44,0.3787878787878788,0.7651515151515151
491,0.26666666666666666,0.9333333333333333
905,0.0,1.0
919,0.14285714285714285,0.8571428571428571
1189,1.0,1.0
1366,0.0,1.0
1820,0.0,1.0
2120,0.0,1.0
2251,1.0,1.0
2809,0.0,1.0
3691,1.0,1.0
-33,0.26640926640926643,0.8301158301158301
12,0.24946203504457423,0.8911773747310175
200,0.26506024096385544,0.963855421686747
295,0.25,0.8611111111111112
355,0.10714285714285714,0.9642857142857143
655,0.2857142857142857,1.0
952,0.5714285714285714,0.8571428571428571
1044,0.3333333333333333,1.0
1466,0.0,1.0
1803,0.5,0.5
2102,0.5,1.0
2111,0.5,1.0
2571,0.5,1.0
5202,0.0,1.0
5337,0.0,1.0
141,0.23699421965317918,0.930635838150289
288,0.24390243902439024,0.9512195121951219
543,0.2727272727272727,0.9090909090909091
826,0.125,1.0
855,0.0,1.0
879,0.25,1.0
942,0.0,1.0
1201,0.0,1.0
1296,1.0,0.6666666666666666
1672,0.0,1.0
2482,0.0,1.0
2654,0.0,1.0
4875,1.0,1.0
55,0.24019607843137256,0.8990196078431373
373,0.2962962962962963,0.8518518518518519
544,0.16666666666666666,1.0
614,0.21052631578947367,0.9473684210526315
922,0.3333333333333333,0.6666666666666666
943,1.0,0.6666666666666666
1056,0.0,1.0
1397,1.0,1.0
1464,0.0,0.0
1538,0.5,1.0
1912,0.0,1.0
2142,1.0,1.0
5223,0.0,1.0
-156,0.0,1.0
-72,0.27586206896551724,0.8620689655172413
74,0.2421875,0.8921875
280,0.17073170731707318,0.8292682926829268
322,0.22857142857142856,0.8571428571428571
390,0.14814814814814814,0.8518518518518519
492,0.15384615384615385,1.0
664,0.25,1.0
872,0.2,1.0
893,0.3333333333333333,0.6666666666666666
996,0.25,0.875
1289,0.6666666666666666,0.3333333333333333
1378,0.0,0.75
1387,0.3333333333333333,0.6666666666666666
2002,0.0,1.0
2045,0.0,1.0
2515,0.0,1.0
5696,0.0,1.0
8,0.2498075245085459,0.8925216855720371
62,0.21724137931034482,0.9195402298850575
182,0.26732673267326734,0.9207920792079208
334,0.29545454545454547,0.9318181818181818
512,0.29411764705882354,1.0
658,0.3333333333333333,0.8888888888888888
668,0.3333333333333333,0.8888888888888888
1062,0.75,0.75
1143,0.3333333333333333,1.0
1245,0.0,1.0
1261,0.5,1.0
1506,0.0,1.0
1853,0.0,1.0
2302,1.0,1.0
2532,0.5,1.0
2640,0.5,1.0
1058,0.3333333333333333,1.0
1120,0.0,1.0
1225,0.0,1.0
1355,0.5,1.0
1664,0.3333333333333333,1.0
1798,0.0,1.0
2143,0.0,1.0
2682,0.0,1.0
2990,0.0,1.0
3087,0.0,1.0
4825,1.0,0.0
5591,0.0,1.0
11499,0.0,1.0
-187,0.5,0.5
186,0.27835051546391754,0.9381443298969072
910,1.0,1.0
1345,0.0,1.0
1398,0.0,1.0
1707,0.0,1.0
2082,0.5,0.5
4346,0.0,0.5
8668,0.0,1.0
-212,0.0,1.0
-70,0.38636363636363635,0.7954545454545454
331,0.21621621621621623,0.9459459459459459
710,0.3,0.9
772,0.3333333333333333,1.0
1154,1.0,1.0
1166,0.0,1.0
1186,0.0,1.0
1522,1.0,1.0
1619,0.3333333333333333,0.6666666666666666
1818,0.0,1.0
1903,0.0,1.0
1982,0.0,1.0
2829,0.5,1.0
2965,0.0,1.0
3611,0.0,1.0
11233,0.0,1.0
-37,0.3377777777777778,0.7955555555555556
171,0.2890625,0.890625
480,0.15384615384615385,1.0
631,0.21428571428571427,0.8571428571428571
747,0.18181818181818182,1.0
792,0.25,1.0
906,0.0,0.75
1491,1.0,1.0
1510,1.0,0.0
1518,0.2,1.0
2025,0.0,1.0
2054,0.0,1.0
2117,0.0,1.0
2304,0.0,1.0
2766,0.0,1.0
11,0.25328817138081205,0.8959222275986451
49,0.23269513991163476,0.9057437407952872
290,0.20454545454545456,0.7954545454545454
437,0.25925925925925924,0.9629629629629629
514,0.15384615384615385,0.8461538461538461
591,0.5555555555555556,0.6666666666666666
716,0.375,0.875
775,0.18181818181818182,0.7272727272727273
803,0.16666666666666666,0.8333333333333334
1091,0.5,1.0
1291,1.0,1.0
1341,0.0,1.0
1423,0.0,1.0
1889,0.0,1.0
2133,0.0,0.0
3837,0.0,1.0
15646,0.0,1.0
35,0.2541111981205951,0.9013312451057165
560,0.42857142857142855,1.0
639,0.0,1.0
1080,0.6666666666666666,1.0
1125,0.5,1.0
1248,0.0,1.0
1725,0.0,1.0
1801,0.0,1.0
2104,0.0,1.0
3014,1.0,1.0
5338,0.0,1.0
5433,0.0,1.0
-54,0.3875,0.75
371,0.21428571428571427,0.8214285714285714
507,0.36363636363636365,0.9090909090909091
1034,0.5,1.0
1035,0.3333333333333333,1.0
1138,0.25,1.0
1209,0.0,0.0
1339,0.0,1.0
1393,0.0,1.0
2011,1.0,1.0
2931,0.0,1.0
3228,0.0,1.0
3762,0.0,1.0
-12,0.3288683602771363,0.8175519630484989
166,0.2265625,0.9296875
260,0.25,0.9772727272727273
468,0.38095238095238093,0.8095238095238095
740,0.2222222222222222,1.0
753,0.2857142857142857,0.8571428571428571
801,0.3333333333333333,1.0
1001,0.5,1.0
1018,0.375,1.0
1167,0.25,1.0
1419,0.0,1.0
1648,1.0,1.0
2029,0.0,1.0
2089,0.0,1.0
2129,0.0,1.0
3037,0.0,1.0
6116,0.0,1.0
-105,0.13333333333333333,0.8
80,0.27091633466135456,0.9183266932270916
622,0.5714285714285714,0.8571428571428571
774,0.25,0.75
778,0.2857142857142857,1.0
807,0.0,1.0
1402,1.0,1.0
1448,1.0,1.0
1490,0.0,1.0
1533,0.0,1.0
1668,0.0,1.0
1679,1.0,0.5
2569,0.0,1.0
2761,0.0,1.0
3249,0.0,1.0
6884,0.0,1.0
-87,0.3333333333333333,0.8095238095238095
-4,0.290728077232502,0.8440265486725663
321,0.19148936170212766,0.851063829787234
327,0.1875,0.90625
380,0.16,0.92
400,0.3333333333333333,0.9333333333333333
750,0.0,1.0
785,0.5,1.0
829,0.5,1.0
886,0.5,0.75
1171,0.3333333333333333,1.0
1179,0.5,1.0
1235,0.0,1.0
2380,1.0,1.0
5047,0.0,1.0
-144,0.75,0.5
199,0.22105263157894736,0.9473684210526315
477,0.4,0.8666666666666667
1161,1.0,0.0
1335,0.0,0.6666666666666666
1364,1.0,0.0
1727,0.0,1.0
2344,0.0,1.0
2442,0.0,1.0
3030,0.0,1.0
3712,1.0,1.0
2,0.2568775283044015,0.891958776255642
269,0.28888888888888886,0.9111111111111111
465,0.1,0.8
518,0.2727272727272727,0.9090909090909091
1379,0.0,0.6666666666666666
1589,1.0,1.0
2513,0.0,1.0
4721,0.0,1.0
4814,0.0,1.0
5750,0.0,1.0
-137,1.0,0.5
-53,0.3333333333333333,0.7435897435897436
-10,0.30973451327433627,0.8407079646017699
66,0.22393364928909953,0.9028436018957346
154,0.22929936305732485,0.8853503184713376
265,0.2926829268292683,0.926829268292683
432,0.4117647058823529,1.0
1031,0.4,1.0
1063,0.0,1.0
1303,0.2,1.0
1802,0.0,1.0
1954,1.0,1.0
2331,1.0,1.0
3682,0.0,1.0
3871,0.0,1.0
4347,0.0,1.0
508,0.2857142857142857,0.8571428571428571
520,0.11764705882352941,1.0
657,0.4,0.8
884,0.16666666666666666,1.0
1306,0.3333333333333333,0.6666666666666666
1489,0.0,1.0
1546,0.0,1.0
2727,0.3333333333333333,1.0
6161,0.0,1.0
8100,0.5,0.5
-78,0.25806451612903225,0.8709677419354839
162,0.2214765100671141,0.9194630872483222
244,0.1935483870967742,0.9032258064516129
344,0.15625,0.875
615,0.375,0.875
689,0.125,1.0
869,0.0,0.8
954,0.14285714285714285,0.8571428571428571
967,1.0,1.0
1198,0.0,1.0
1234,0.0,0.8
1292,0.3333333333333333,1.0
1399,0.0,1.0
1593,1.0,0.0
1699,0.0,1.0
2248,0.0,1.0
2728,0.0,1.0
3998,0.0,1.0
7876,0.0,1.0
428,0.07142857142857142,1.0
433,0.3,1.0
525,0.26666666666666666,0.9333333333333333
553,0.2857142857142857,1.0
1438,0.0,1.0
1515,0.0,0.6666666666666666
1933,0.0,1.0
2038,0.0,1.0
3281,0.5,1.0
-312,0.0,1.0
-117,0.375,0.75
-34,0.32967032967032966,0.8205128205128205
164,0.2558139534883721,0.9147286821705426
503,0.2727272727272727,0.9090909090909091
605,0.3333333333333333,0.8333333333333334
711,0.42857142857142855,0.8571428571428571
821,0.42857142857142855,0.5714285714285714
875,0.0,1.0
931,0.0,1.0
1076,0.0,1.0
1301,0.0,1.0
1350,0.0,1.0
2502,0.0,1.0
2733,0.0,1.0
3172,0.0,1.0
3929,0.0,1.0
176,0.23636363636363636,0.8363636363636363
360,0.2692307692307692,0.8846153846153846
495,0.15384615384615385,0.7692307692307693
1082,0.5,1.0
1194,0.3333333333333333,1.0
1356,0.0,1.0
1720,0.0,1.0
2031,0.0,1.0
2118,1.0,1.0
3499,1.0,1.0
-62,0.34,0.76
134,0.2631578947368421,0.9186602870813397
245,0.25925925925925924,0.8333333333333334
329,0.2,0.875
504,0.1,1.0
536,0.3,0.9
645,0.625,0.875
732,0.0,1.0
971,0.0,1.0
1081,0.0,1.0
1369,0.0,1.0
1590,0.0,1.0
1596,0.0,1.0
1611,0.5,1.0
1654,0.0,1.0
2160,0.0,1.0
2816,1.0,1.0
2843,1.0,1.0
3090,0.0,1.0
11626,0.0,1.0
-75,0.34375,0.71875
359,0.1111111111111111,0.8888888888888888
422,0.16666666666666666,1.0
634,0.1111111111111111,0.8888888888888888
1027,0.0,1.0
1097,0.25,1.0
1315,0.0,1.0
1565,0.0,1.0
1635,0.3333333333333333,0.6666666666666666
1719,0.0,1.0
2601,0.0,1.0
3815,0.0,1.0
6720,0.0,1.0
76,0.2651006711409396,0.9093959731543624
102,0.2411764705882353,0.9235294117647059
175,0.2543859649122807,0.9035087719298246
426,0.3333333333333333,0.9523809523809523
1507,0.0,1.0
1784,0.0,1.0
2374,0.0,1.0
2866,0.0,1.0
3596,0.0,1.0
4846,0.0,1.0
-102,0.2857142857142857,0.7857142857142857
-40,0.3254437869822485,0.8106508875739645
565,0.2727272727272727,0.7272727272727273
606,0.0,1.0
914,0.75,0.75
991,0.0,1.0
1973,0.0,1.0
2432,0.0,1.0
2467,0.0,1.0
4392,0.0,1.0
233,0.1951219512195122,0.9024390243902439
506,0.2727272727272727,1.0
684,0.3333333333333333,1.0
729,0.375,0.75
745,0.6666666666666666,0.8333333333333334
827,0.0,1.0
892,0.14285714285714285,1.0
1203,0.3333333333333333,1.0
2320,1.0,1.0
2329,0.0,1.0
2330,0.0,1.0
3159,0.0,1.0
5348,0.0,1.0
7410,0.0,1.0
4,0.25485046494093994,0.8924227192762001
92,0.23134328358208955,0.8955223880597015
163,0.20588235294117646,0.9411764705882353
230,0.2054794520547945,0.8767123287671232
391,0.14285714285714285,0.9047619047619048
549,0.3333333333333333,0.9333333333333333
727,0.14285714285714285,1.0
898,0.0,0.6666666666666666
1088,0.3333333333333333,1.0
1188,0.0,1.0
1408,0.0,1.0
1658,1.0,0.5
1659,0.5,1.0
1670,0.0,1.0
1753,1.0,1.0
2063,0.0,0.5
2986,0.0,1.0
3066,0.0,1.0
3385,0.0,1.0
-150,0.3333333333333333,0.3333333333333333
-148,0.6666666666666666,0.6666666666666666
308,0.2608695652173913,0.9130434782608695
604,0.3333333333333333,0.9166666666666666
810,0.3333333333333333,1.0
842,0.4,0.6
899,0.25,0.875
930,0.4,1.0
1065,0.6666666666666666,1.0
1095,0.0,0.8333333333333334
1221,0.0,1.0
1305,0.0,1.0
1317,1.0,1.0
1568,0.0,1.0
5963,0.0,1.0
5977,1.0,1.0
6618,0.0,1.0
-273,1.0,0.0
-128,0.25,0.75
118,0.2616487455197133,0.953405017921147
524,0.5882352941176471,0.8823529411764706
763,0.4,0.8
805,0.125,0.875
1078,0.0,1.0
1380,0.0,1.0
1872,0.0,1.0
1892,0.0,1.0
2739,0.0,1.0
5953,0.0,1.0
-153,0.5,0.5
13,0.2504535081046287,0.8997600795833577
272,0.29310344827586204,0.9137931034482759
568,0.23076923076923078,0.9230769230769231
687,0.0,0.9090909090909091
765,0.25,0.875
916,0.16666666666666666,1.0
1160,1.0,0.0
1455,1.0,1.0
1638,0.3333333333333333,0.6666666666666666
1788,0.0,1.0
1861,0.0,1.0
305,0.16216216216216217,0.9459459459459459
652,0.21428571428571427,0.7857142857142857
1272,0.5,1.0
1479,0.5,1.0
2851,1.0,0.0
4600,0.0,1.0
10750,0.0,1.0
36,0.24178868223189554,0.9014641867827463
75,0.2484076433121019,0.9012738853503185
302,0.2608695652173913,0.9565217391304348
603,0.16666666666666666,1.0
722,0.2,0.8
984,0.2,1.0
1557,0.0,1.0
1667,0.5,1.0
1913,0.0,1.0
1971,0.0,1.0
2034,0.0,1.0
2035,0.0,1.0
2252,0.0,1.0
2450,1.0,1.0
-171,0.6666666666666666,0.6666666666666666
-23,0.2978723404255319,0.8297872340425532
172,0.31746031746031744,0.9285714285714286
613,0.2,0.8
1053,0.0,1.0
3670,0.0,1.0
4714,0.0,1.0
-142,0.5,0.5
78,0.24299065420560748,0.8990654205607477
314,0.13793103448275862,0.9310344827586207
408,0.3,0.95
924,0.5,1.0
973,0.5,1.0
1101,0.0,1.0
1173,0.0,1.0
1275,0.6666666666666666,1.0
1324,0.0,1.0
1370,0.0,1.0
1462,0.0,1.0
2776,0.5,0.5
3708,0.0,1.0
3851,0.0,1.0
9692,0.0,1.0
10050,0.0,1.0
-83,0.38235294117647056,0.8235294117647058
579,0.25,1.0
780,0.0,1.0
1519,1.0,1.0
2897,0.0,1.0
3190,0.0,1.0
6737,1.0,0.0
-32,0.32781456953642385,0.7715231788079471
672,0.14285714285714285,0.8571428571428571
904,0.5,1.0
955,0.16666666666666666,1.0
1020,0.0,1.0
1072,0.0,1.0
2093,1.0,0.0
2208,1.0,1.0
2230,0.0,1.0
3675,0.0,1.0
-243,0.0,1.0
18,0.24387927395525538,0.8999577880962432
125,0.2742616033755274,0.9156118143459916
140,0.2468354430379747,0.8924050632911392
298,0.24528301886792453,0.9622641509433962
410,0.3684210526315789,0.8947368421052632
533,0.2222222222222222,0.7777777777777778
679,0.1111111111111111,1.0
1015,0.3333333333333333,1.0
1416,0.0,1.0
1830,0.0,1.0
1995,0.0,1.0
2946,0.5,0.5
3271,0.0,1.0
-186,1.0,1.0
289,0.21428571428571427,0.8095238095238095
607,0.4,1.0
983,0.3,1.0
1129,0.3333333333333333,1.0
1156,0.3333333333333333,0.6666666666666666
1290,0.0,1.0
1300,0.0,1.0
1499,1.0,1.0
1541,1.0,1.0
1586,0.0,1.0
1601,1.0,1.0
1615,0.0,1.0
2290,0.0,1.0
2386,0.0,0.0
3260,0.0,1.0
-248,1.0,0.0
-126,0.0,0.6666666666666666
-59,0.3181818181818182,0.8787878787878788
-51,0.35398230088495575,0.8141592920353983
670,0.4,1.0
1036,0.0,1.0
1070,0.5,1.0
1552,0.0,1.0
2023,1.0,1.0
2777,0.0,1.0
2823,0.0,1.0
2872,0.0,1.0
3221,0.0,1.0
4832,0.0,1.0
13724,0.0,1.0
-157,0.25,0.25
69,0.24251497005988024,0.9011976047904192
475,0.2,0.8666666666666667
913,0.0,1.0
1086,0.0,1.0
1148,0.5,1.0
1575,0.25,1.0
1646,0.0,1.0
1750,0.0,0.0
2258,1.0,1.0
3388,0.0,0.0
3833,0.0,1.0
14,0.2517310252996005,0.8968708388814913
374,0.22580645161290322,0.967741935483871
681,0.5,1.0
860,1.0,1.0
1014,0.6666666666666666,1.0
1123,0.0,1.0
1162,0.0,1.0
1318,0.0,1.0
1375,0.0,1.0
-161,1.0,1.0
594,0.5,0.875
733,0.09090909090909091,1.0
935,0.16666666666666666,1.0
1359,0.0,1.0
1509,1.0,1.0
1649,1.0,1.0
1865,1.0,0.0
2217,0.0,1.0
2867,1.0,0.0
4009,0.0,1.0
12313,0.0,1.0
216,0.1927710843373494,0.9036144578313253
286,0.22857142857142856,0.8857142857142857
598,0.5714285714285714,1.0
767,0.2,1.0
840,1.0,1.0
864,0.5,1.0
1109,0.4,0.8
1170,0.0,1.0
1197,0.5,1.0
1304,0.2,0.8
1311,0.0,1.0
1573,0.0,1.0
2074,0.0,1.0
2425,1.0,1.0
2689,0.0,1.0
2834,0.0,1.0
3529,0.0,0.0
4711,0.0,1.0
5538,1.0,1.0
5780,0.0,1.0
583,0.21428571428571427,0.9285714285714286
782,0.2,1.0
791,0.3333333333333333,0.6666666666666666
999,0.2,1.0
1223,0.0,1.0
1974,0.3333333333333333,1.0
2391,0.0,1.0
5312,0.0,1.0
-226,0.5,1.0
-152,0.0,0.5
137,0.22988505747126436,0.9080459770114943
173,0.29347826086956524,0.9021739130434783
194,0.27722772277227725,0.8811881188118812
505,0.2777777777777778,0.8333333333333334
601,0.125,1.0
626,0.5,1.0
692,0.25,0.75
1917,0.0,1.0
1922,0.5,1.0
2103,0.0,1.0
2150,0.0,1.0
2521,0.5,1.0
2811,0.0,1.0
2822,1.0,1.0
3297,0.0,0.0
3959,0.0,1.0
5077,0.0,1.0
-166,1.0,0.0
-130,0.3333333333333333,0.8333333333333334
21,0.2567510843710648,0.8961802154750245
135,0.20212765957446807,0.9042553191489362
238,0.2549019607843137,0.8823529411764706
547,0.1,0.8
809,0.25,1.0
877,0.5,1.0
1633,0.0,1.0
2187,0.0,1.0
2793,0.0,1.0
-120,0.2,0.8
-85,0.30434782608695654,0.9130434782608695
701,0.25,1.0
1177,0.0,1.0
1216,0.0,1.0
1226,0.5,0.5
1298,0.25,1.0
1767,0.0,1.0
1946,0.5,1.0
2249,0.5,1.0
2292,0.0,1.0
2337,0.0,1.0
2767,0.0,1.0
4796,0.0,1.0
5174,0.0,1.0
59,0.2647362978283351,0.9069286452947259
122,0.2675438596491228,0.9035087719298246
129,0.22018348623853212,0.8944954128440367
372,0.25,0.9642857142857143
542,0.2857142857142857,0.8571428571428571
620,0.14285714285714285,0.8571428571428571
1144,0.16666666666666666,1.0
1413,0.0,1.0
1470,0.0,1.0
1907,0.0,1.0
2105,0.0,1.0
3116,1.0,0.0
3707,0.0,1.0
5398,0.0,1.0
6992,0.0,1.0
8580,0.0,1.0
-125,0.0,1.0
335,0.2962962962962963,0.9259259259259259
651,0.16666666666666666,0.8333333333333334
759,0.375,0.875
960,0.0,1.0
1093,0.0,1.0
1169,0.5,1.0
1333,0.5,1.0
1352,0.0,1.0
1401,0.0,1.0
1981,0.0,1.0
2411,1.0,1.0
3621,0.0,1.0
-155,0.6,0.8
310,0.19047619047619047,0.9285714285714286
313,0.17777777777777778,0.8666666666666667
393,0.047619047619047616,0.9523809523809523
493,0.4444444444444444,0.8888888888888888
627,0.2727272727272727,0.8181818181818182
868,0.4,1.0
985,0.0,1.0
1030,0.2,0.8
1385,0.6666666666666666,1.0
1686,1.0,1.0
1996,0.0,1.0
2736,0.0,1.0
2847,1.0,1.0
4317,0.0,1.0
10334,0.0,1.0
-175,0.0,1.0
-22,0.33432835820895523,0.8313432835820895
15,0.25252223301696436,0.9012779313952619
81,0.22016460905349794,0.9197530864197531
165,0.23770491803278687,0.9262295081967213
223,0.2676056338028169,0.9014084507042254
315,0.16666666666666666,0.9285714285714286
878,0.0,1.0
1320,0.3333333333333333,1.0
1579,1.0,1.0
1605,0.0,1.0
1701,1.0,1.0
1881,0.0,1.0
2053,0.0,1.0
3705,0.0,1.0
4428,1.0,0.0
9587,0.0,1.0
180,0.25842696629213485,0.9438202247191011
195,0.34065934065934067,0.8791208791208791
436,0.25,1.0
438,0.29411764705882354,1.0
648,0.2,0.7
811,0.36363636363636365,0.9090909090909091
1417,0.0,0.6666666666666666
1457,0.0,1.0
1749,0.0,1.0
1992,0.0,1.0
2638,1.0,0.0
3074,0.0,1.0
3204,0.0,1.0
3761,0.0,1.0
4858,0.5,1.0
-211,0.0,1.0
-129,0.0,0.75
38,0.2423852423852424,0.8978978978978979
82,0.23029045643153526,0.9149377593360996
350,0.1935483870967742,0.9032258064516129
472,0.2777777777777778,0.9444444444444444
523,0.1,1.0
609,0.5,1.0
695,0.2,1.0
1220,1.0,1.0
1396,0.3333333333333333,0.6666666666666666
1500,0.0,1.0
1871,0.5,1.0
-69,0.24242424242424243,0.7272727272727273
97,0.21010638297872342,0.8962765957446809
133,0.21182266009852216,0.916256157635468
351,0.25,1.0
470,0.2222222222222222,1.0
663,0.0,0.875
723,0.3333333333333333,0.8333333333333334
980,0.0,1.0
1630,0.0,1.0
2597,0.0,1.0
3790,0.0,0.0
4363,1.0,1.0
4679,1.0,1.0
6220,0.0,1.0
-132,0.0,0.4
-43,0.3584905660377358,0.8113207547169812
30,0.2489840151720401,0.8984015172040097
42,0.23509933774834438,0.9089403973509934
73,0.23411371237458195,0.8846153846153846
151,0.2737430167597765,0.8715083798882681
401,0.16666666666666666,0.9166666666666666
582,0.16666666666666666,0.9166666666666666
708,0.3333333333333333,0.8888888888888888
895,0.75,1.0
1028,0.0,0.5
1180,0.0,0.75
1382,0.0,1.0
2169,0.0,1.0
2307,0.0,1.0
2751,0.0,1.0
7181,0.0,1.0
7331,0.0,1.0
90,0.24532710280373832,0.8995327102803738
159,0.2517482517482518,0.8951048951048951
256,0.25396825396825395,0.873015873015873
457,0.2,1.0
690,0.14285714285714285,1.0
709,0.14285714285714285,0.8571428571428571
851,0.16666666666666666,1.0
1276,0.0,1.0
2381,0.0,1.0
2679,0.0,1.0
2770,0.0,1.0
3450,0.0,1.0
3466,0.5,1.0
4041,1.0,1.0
4325,0.0,1.0
5268,0.0,0.0
-64,0.3877551020408163,0.7755102040816326
312,0.18518518518518517,1.0
338,0.23529411764705882,0.7647058823529411
425,0.09090909090909091,0.9090909090909091
445,0.2,0.8666666666666667
643,0.25,1.0
680,0.1111111111111111,0.6666666666666666
685,0.0,0.7142857142857143
771,0.2222222222222222,1.0
1029,0.0,1.0
1104,0.0,1.0
1193,0.0,0.6666666666666666
1377,0.2,1.0
2073,0.0,1.0
4172,0.0,1.0
4466,0.0,1.0
7229,0.0,0.0
-143,0.0,1.0
297,0.35,0.85
597,0.21428571428571427,0.9285714285714286
674,0.2222222222222222,0.8888888888888888
764,0.0,1.0
812,0.6,1.0
1043,1.0,1.0
1421,0.5,1.0
1868,0.0,1.0
1927,0.0,1.0
1965,0.0,1.0
2042,0.0,1.0
2428,0.0,1.0
3055,0.0,1.0
4104,0.0,1.0
5028,0.0,1.0
5864,0.0,1.0
7601,0.0,1.0
9041,1.0,1.0
-206,1.0,1.0
23,0.24519966015293118,0.9022939677145284
117,0.2384937238493724,0.899581589958159
291,0.35,0.825
783,0.2,1.0
1229,0.5,1.0
1502,0.0,1.0
1961,0.0,0.0
2713,0.0,0.0
4246,0.0,1.0
121,0.2374429223744292,0.8949771689497716
824,0.25,1.0
1176,0.0,1.0
1285,0.0,1.0
1828,0.0,1.0
1943,0.0,1.0
3583,0.0,1.0
4670,0.0,1.0
-56,0.35064935064935066,0.6883116883116883
-42,0.30113636363636365,0.7954545454545454
-9,0.3222513852435112,0.8241469816272966
46,0.2508185985592665,0.8965291421087099
217,0.25609756097560976,0.8902439024390244
284,0.2857142857142857,1.0
358,0.23529411764705882,1.0
409,0.25,0.75
494,0.45454545454545453,1.0
987,0.2,0.8
1008,0.0,1.0
1414,0.5,1.0
1660,0.5,1.0
1841,0.3333333333333333,0.6666666666666666
2561,1.0,1.0
2614,0.0,1.0
4097,0.0,1.0
-286,0.5,0.5
-258,0.0,0.0
-74,0.39473684210526316,0.8157894736842105
20,0.2506493506493506,0.8974025974025974
70,0.23363095238095238,0.9166666666666666
479,0.2857142857142857,0.9285714285714286
848,0.0,1.0
1215,0.0,1.0
1383,0.0,1.0
1422,0.3333333333333333,1.0
1525,0.0,1.0
1680,1.0,1.0
1759,1.0,1.0
1874,0.3333333333333333,0.6666666666666666
2057,0.0,1.0
2512,0.5,1.0
3722,0.0,1.0
3772,0.0,1.0
4673,0.0,1.0
5359,0.0,1.0
5522,0.0,1.0
5683,0.0,1.0
5838,0.0,1.0
-92,0.2857142857142857,0.7619047619047619
300,0.24444444444444444,0.9555555555555556
616,0.5,0.8333333333333334
781,0.5,1.0
1004,0.0,1.0
1133,0.3333333333333333,1.0
1168,1.0,1.0
1178,0.0,1.0
1365,0.5,1.0
1901,0.3333333333333333,1.0
1993,1.0,0.0
2716,1.0,1.0
3065,0.0,1.0
4987,0.0,1.0
-11,0.30515297906602257,0.8107890499194848
99,0.23384615384615384,0.92
444,0.25,0.9583333333333334
510,0.1,1.0
617,0.25,1.0
630,0.16666666666666666,1.0
676,0.2,0.8
799,0.16666666666666666,0.6666666666666666
937,0.0,1.0
976,0.2857142857142857,0.8571428571428571
1181,0.0,1.0
1792,0.0,1.0
2065,0.5,1.0
2284,0.0,1.0
2552,1.0,1.0
-314,0.0,1.0
-93,0.375,1.0
231,0.27692307692307694,0.8923076923076924
387,0.22727272727272727,0.9545454545454546
885,0.0,1.0
1349,0.3333333333333333,1.0
1916,0.5,0.5
2128,0.0,1.0
2631,0.0,0.5
2652,0.0,1.0
2756,0.0,1.0
3244,0.0,1.0
-89,0.35294117647058826,0.8823529411764706
-20,0.3358116480793061,0.8017348203221809
86,0.24649298597194388,0.9038076152304609
109,0.23741007194244604,0.920863309352518
354,0.2962962962962963,0.8518518518518519
483,0.2631578947368421,0.8947368421052632
640,0.3333333333333333,1.0
1313,0.0,1.0
1610,0.0,0.5
2651,0.0,1.0
3648,0.0,0.0
4054,0.0,1.0
4329,1.0,1.0
-379,0.0,1.0
476,0.3333333333333333,0.9166666666666666
660,0.1,1.0
802,0.3333333333333333,1.0
918,0.3333333333333333,0.6666666666666666
1131,0.0,1.0
1450,0.0,1.0
1564,0.0,1.0
1637,0.0,1.0
2815,1.0,1.0
-134,0.0,0.3333333333333333
-113,0.3333333333333333,0.6666666666666666
770,0.42857142857142855,0.7142857142857143
793,0.0,1.0
832,0.14285714285714285,1.0
862,0.0,1.0
1006,0.75,1.0
2083,0.0,1.0
2892,0.0,1.0
3279,0.0,1.0
-167,0.0,1.0
60,0.2657200811359026,0.896551724137931
189,0.225,0.95
545,0.6,0.8
1026,0.2,1.0
1094,0.0,1.0
1270,0.0,1.0
1391,0.0,1.0
2138,0.0,1.0
2345,0.0,1.0
2609,0.0,1.0
2886,0.0,1.0
4816,0.0,1.0
5654,0.0,1.0
-242,1.0,1.0
-201,0.6666666666666666,0.6666666666666666
-99,0.375,0.75
-21,0.30779054916985954,0.8084291187739464
311,0.40625,0.90625
534,0.23529411764705882,0.9411764705882353
578,0.25,0.8333333333333334
798,0.3333333333333333,1.0
873,0.0,0.75
1195,0.3333333333333333,1.0
1249,0.0,1.0
1260,0.5,0.5
1293,0.0,1.0
1351,0.0,1.0
1411,1.0,1.0
1676,0.0,1.0
1684,0.5,0.5
2313,0.0,1.0
3142,1.0,1.0
3157,0.0,1.0
-31,0.3241590214067278,0.8501529051987767
93,0.23056994818652848,0.9067357512953368
566,0.0,1.0
569,0.0,0.75
633,0.2222222222222222,0.8888888888888888
717,0.16666666666666666,1.0
721,0.14285714285714285,0.8571428571428571
888,0.5,0.8333333333333334
969,0.0,1.0
1111,0.25,0.5
1835,0.0,1.0
2774,0.0,1.0
3693,1.0,1.0
5511,0.0,1.0
7945,0.0,1.0
-94,0.5,0.9166666666666666
40,0.24134419551934827,0.8940936863543788
204,0.2696629213483146,0.9101123595505618
251,0.2545454545454545,0.9090909090909091
259,0.3220338983050847,0.8983050847457628
366,0.2608695652173913,0.9130434782608695
666,0.0,1.0
707,0.4,1.0
1183,1.0,1.0
1477,0.3333333333333333,1.0
1644,0.0,1.0
3359,0.0,1.0
5298,0.0,1.0
282,0.14285714285714285,0.9523809523809523
285,0.23529411764705882,0.9607843137254902
647,0.3333333333333333,1.0
1106,0.5,1.0
1281,0.6666666666666666,1.0
1492,0.0,1.0
1539,1.0,1.0
1604,0.0,1.0
1616,0.0,1.0
1702,0.0,1.0
2000,0.0,1.0
2001,0.0,1.0
2387,0.5,1.0
2875,0.0,1.0
4481,0.0,1.0
7654,0.0,1.0
-207,0.0,0.0
-138,0.3333333333333333,0.6666666666666666
147,0.2037037037037037,0.9135802469135802
787,0.0,1.0
887,0.0,1.0
908,0.5,0.6666666666666666
1184,0.0,1.0
1294,0.3333333333333333,1.0
1495,0.3333333333333333,0.3333333333333333
1839,0.0,1.0
2267,0.25,0.75
3973,0.0,1.0
-254,0.5,0.5
183,0.3010752688172043,0.8924731182795699
522,0.21428571428571427,1.0
527,0.3333333333333333,1.0
571,0.2,0.9
725,0.0,1.0
728,0.5714285714285714,0.8571428571428571
837,0.25,1.0
1032,0.0,1.0
1049,0.2,0.8
1142,0.4,1.0
1634,0.0,1.0
2049,0.0,1.0
2375,0.0,1.0
2574,0.0,1.0
3597,1.0,1.0
4570,1.0,0.0
240,0.16071428571428573,0.9821428571428571
263,0.25862068965517243,0.896551724137931
396,0.2,1.0
1003,0.0,1.0
1017,0.0,1.0
1057,0.0,0.75
1165,0.0,1.0
1262,1.0,1.0
1860,0.0,1.0
2048,0.0,1.0
2321,0.0,0.5
2749,0.0,0.0
3830,0.0,1.0
4008,0.0,1.0
4299,0.0,1.0
-191,1.0,1.0
-184,0.3333333333333333,0.6666666666666666
-66,0.3333333333333333,0.7435897435897436
16,0.2564973670800068,0.8974859860710039
64,0.23345817727840198,0.9126092384519351
917,0.14285714285714285,0.8571428571428571
1022,0.0,1.0
1442,0.0,0.0
1620,0.0,1.0
2627,0.0,1.0
5352,0.0,1.0
-210,0.5,0.5
-29,0.3235294117647059,0.8294117647058824
281,0.12962962962962962,0.9629629629629629
336,0.1951219512195122,0.975609756097561
612,0.2727272727272727,1.0
698,0.3333333333333333,0.6666666666666666
839,1.0,1.0
1039,0.0,1.0
1985,0.0,0.5
2702,0.0,1.0
2890,0.0,1.0
3012,0.0,1.0
3299,0.0,1.0
3458,0.5,1.0
15309,0.0,1.0
-244,0.5,1.0
-100,0.3333333333333333,0.7333333333333333
91,0.2327790973871734,0.9121140142517815
152,0.25903614457831325,0.9096385542168675
267,0.31666666666666665,0.9166666666666666
317,0.25,0.9375
357,0.16666666666666666,0.9166666666666666
416,0.2631578947368421,0.8421052631578947
584,0.38461538461538464,1.0
667,0.3333333333333333,0.6666666666666666
788,0.6666666666666666,0.6666666666666666
835,0.0,0.875
2783,0.0,1.0
5597,0.0,1.0
5662,1.0,0.0
8329,0.0,1.0
14945,1.0,1.0
-1,0.2797240487226474,0.8392260429018001
261,0.22413793103448276,0.9137931034482759
398,0.11764705882352941,0.9411764705882353
757,0.4444444444444444,0.6666666666666666
808,0.25,1.0
956,0.0,1.0
1061,0.0,1.0
1067,0.5,0.5
1645,0.0,1.0
1652,0.0,1.0
1952,0.0,1.0
2146,0.0,1.0
2427,0.0,1.0
2480,0.0,1.0
2595,0.0,1.0
2603,1.0,1.0
3146,0.0,1.0
3301,0.0,1.0
-80,0.5769230769230769,0.6153846153846154
-76,0.5185185185185185,0.7037037037037037
-67,0.35555555555555557,0.8
489,0.0,1.0
625,0.1111111111111111,0.8888888888888888
949,0.25,1.0
1288,0.3333333333333333,1.0
1523,1.0,1.0
1603,1.0,1.0
1929,0.0,1.0
4774,0.0,1.0
6126,1.0,1.0
45,0.2676864244741874,0.9069471000637349
47,0.2426981919332406,0.9095966620305981
53,0.22990492653414002,0.9066551426101987
148,0.2012987012987013,0.9415584415584416
394,0.1891891891891892,0.918918918918919
484,0.35714285714285715,0.8571428571428571
531,0.23529411764705882,0.9411764705882353
572,0.5,1.0
619,0.15384615384615385,1.0
669,0.0,1.0
972,0.16666666666666666,1.0
1159,0.5,1.0
1394,0.5,1.0
1443,0.25,0.75
1755,0.0,1.0
2644,0.0,1.0
3194,1.0,1.0
3798,0.0,1.0
7315,0.0,0.0
8597,0.0,1.0
169,0.2671232876712329,0.952054794520548
751,0.2,1.0
786,0.5,1.0
1286,0.2,1.0
1384,0.0,1.0
1431,0.0,1.0
2159,0.0,1.0
2617,1.0,1.0
3743,0.0,1.0
3788,0.0,1.0
3805,0.0,1.0
-5,0.29959359918719836,0.8310896621793243
273,0.23076923076923078,0.8974358974358975
758,0.16666666666666666,1.0
1033,0.0,1.0
1105,0.5,1.0
1158,0.0,1.0
1205,0.0,1.0
1656,0.0,1.0
1854,0.0,1.0
3002,0.0,1.0
4388,0.0,1.0
8240,1.0,1.0
-139,0.2857142857142857,0.5714285714285714
24,0.2504970178926441,0.905114765949756
340,0.13043478260869565,1.0
456,0.29411764705882354,0.8823529411764706
458,0.2222222222222222,1.0
739,0.6,1.0
1092,0.0,0.75
1147,0.0,1.0
1214,0.0,1.0
1325,0.3333333333333333,1.0
1704,1.0,0.0
2121,0.0,1.0
3894,0.0,1.0
4869,0.0,1.0
7655,1.0,1.0
-127,0.4444444444444444,0.5555555555555556
-52,0.27941176470588236,0.75
211,0.3333333333333333,0.8452380952380952
469,0.18518518518518517,0.8888888888888888
526,0.16666666666666666,1.0
1587,0.0,1.0
2203,1.0,1.0
2475,0.0,1.0
2545,0.0,1.0
